{"cameraMode":{"drawMode":0,"name":"Shaded","section":"Shading Mode"},"sceneLighting":true,"audioPlay":false,"sceneViewState":{"showFog":true,"showMaterialUpdate":false,"showSkybox":true,"showFlares":true,"showImageEffects":true,"showParticleSystems":true,"showVisualEffectGraphs":true,"m_FxEnabled":true},"in2DMode":false,"pivot":{"x":-1.489168405532837,"y":-0.008031845092773438,"z":-4.583135604858398},"rotation":{"x":0.13615018129348756,"y":0.057916004210710528,"z":-0.007972560822963715,"w":0.9889647960662842},"size":8.729634284973145,"orthographic":false}