{"cameraMode":{"drawMode":0,"name":"Shaded","section":"Shading Mode"},"sceneLighting":true,"audioPlay":false,"sceneViewState":{"showFog":true,"showMaterialUpdate":false,"showSkybox":false,"showFlares":true,"showImageEffects":true,"showParticleSystems":true,"showVisualEffectGraphs":true,"m_FxEnabled":true},"in2DMode":false,"pivot":{"x":481.44244384765627,"y":463.2523193359375,"z":42.09173583984375},"rotation":{"x":0.13615018129348756,"y":0.057916004210710528,"z":-0.007972560822963715,"w":0.9889647960662842},"size":527.5916137695313,"orthographic":true}